{
  "A_multiclass_baseline": {
    "train_losses": [
      1.2167918103709385,
      0.4579828305417575,
      0.2980793512458617,
      0.1744890186937009,
      0.10535921149071564,
      0.05358505259066782,
      0.034826586970361624,
      0.018014476971358943,
      0.011517699857846689,
      0.011832511630843796,
      0.008675099131518321,
      0.006948762195362057
    ],
    "val_losses": [
      0.49581433987865847,
      0.30870436750248903,
      0.2694739585276693,
      0.1986312817494359,
      0.1919152659263798,
      0.23139973302669306,
      0.2669816772516545,
      0.2999499065382325,
      0.2877844533999855,
      0.29846728516076837,
      0.34894766347416506,
      0.31938711578100587
    ],
    "val_macro_f1s": [
      0.09467592592592593,
      0.203457519506344,
      0.4846040194549401,
      0.6461039900328134,
      0.6792204161772839,
      0.6831780449052067,
      0.6757557697840479,
      0.6736575413662257,
      0.6871685795436846,
      0.6864650711061552,
      0.6513679646927445,
      0.6657180400141367
    ],
    "best_epoch": 9,
    "best_val_macro_f1": 0.6871685795436846,
    "early_stopped": true,
    "epochs_trained": 12,
    "test_macro_f1": 0.6866915078281789,
    "test_weighted_f1": 0.9480085403225934,
    "test_accuracy": 0.9489732420659615,
    "classification_rep": "                         precision    recall  f1-score   support\n\n            Arbitration       0.75      0.67      0.71        36\n        Content Removal       0.54      0.54      0.54        28\n           Copyright/IP       0.88      0.55      0.68        38\n           Jurisdiction       0.55      0.92      0.69        13\n          Governing Law       0.83      0.68      0.75        22\nLimitation of Liability       0.86      0.92      0.89        13\n Unilateral Termination       0.93      0.87      0.90        15\n         Broad Data Use       0.67      0.86      0.75         7\n         Privacy Change       0.00      0.00      0.00         0\n              OK / Fair       0.97      0.98      0.98      1435\n\n               accuracy                           0.95      1607\n              macro avg       0.70      0.70      0.69      1607\n           weighted avg       0.95      0.95      0.95      1607\n",
    "per_class_f1": {
      "Arbitration": 0.7058823529411765,
      "Content Removal": 0.5357142857142857,
      "Copyright/IP": 0.6774193548387096,
      "Jurisdiction": 0.6857142857142857,
      "Governing Law": 0.75,
      "Limitation of Liability": 0.8888888888888888,
      "Unilateral Termination": 0.896551724137931,
      "Broad Data Use": 0.75,
      "Privacy Change": 0.0,
      "OK / Fair": 0.9767441860465116
    },
    "confusion_mat": [
      [
        24,
        0,
        0,
        0,
        0,
        0,
        0,
        0,
        0,
        12
      ],
      [
        0,
        15,
        2,
        4,
        0,
        0,
        0,
        0,
        0,
        7
      ],
      [
        0,
        4,
        21,
        3,
        0,
        0,
        0,
        0,
        0,
        10
      ],
      [
        0,
        1,
        0,
        12,
        0,
        0,
        0,
        0,
        0,
        0
      ],
      [
        0,
        0,
        0,
        0,
        15,
        0,
        0,
        0,
        0,
        7
      ],
      [
        0,
        0,
        0,
        0,
        0,
        12,
        1,
        0,
        0,
        0
      ],
      [
        0,
        0,
        0,
        0,
        0,
        0,
        13,
        0,
        0,
        2
      ],
      [
        0,
        0,
        0,
        0,
        0,
        0,
        0,
        6,
        0,
        1
      ],
      [
        0,
        0,
        0,
        0,
        0,
        0,
        0,
        0,
        0,
        0
      ],
      [
        8,
        8,
        1,
        3,
        3,
        2,
        0,
        3,
        0,
        1407
      ]
    ],
    "cfg": {
      "name": "A_multiclass_baseline",
      "task": "multiclass",
      "num_labels": 10,
      "handle_imbalance": false,
      "use_focal_loss": false,
      "downsample_ratio": null,
      "classifier_dropout": 0.3,
      "es_patience": 3,
      "es_min_delta": 0.001,
      "model_name": "distilbert-base-uncased",
      "max_length": 128,
      "batch_size": 16,
      "num_epochs": 30,
      "learning_rate": 2e-05
    }
  },
  "B_multiclass_balanced": {
    "train_losses": [
      2.2690462284729263,
      1.9496490444455827,
      1.077963384760528,
      0.4700937968592684,
      0.22799968481564722,
      0.1279459929234591,
      0.05859307424329659,
      0.030233374918114488,
      0.01605173816489635,
      0.01802310165401329,
      0.010365519757742579,
      0.006312427848593152
    ],
    "val_losses": [
      2.1670060091548495,
      1.6614303472969267,
      0.8930927763382593,
      0.5132379259707199,
      0.5260939161396689,
      0.5230576001728574,
      0.5982711822079081,
      0.6040273896521993,
      0.6308847431856621,
      0.6689479626107236,
      0.6874311010049294,
      0.7268850224112006
    ],
    "val_macro_f1s": [
      0.0743161316041724,
      0.237108694014244,
      0.37309170849037543,
      0.5545516015111217,
      0.5730299364192784,
      0.5506667685037994,
      0.5980243891218364,
      0.5881028883110921,
      0.6078292076556651,
      0.5640722545247306,
      0.5952197583352035,
      0.5885110067271428
    ],
    "best_epoch": 9,
    "best_val_macro_f1": 0.6078292076556651,
    "early_stopped": true,
    "epochs_trained": 12,
    "test_macro_f1": 0.6321285986237294,
    "test_weighted_f1": 0.9245334760790255,
    "test_accuracy": 0.9141257000622277,
    "classification_rep": "                         precision    recall  f1-score   support\n\n            Arbitration       0.50      0.86      0.63        36\n        Content Removal       0.50      0.79      0.61        28\n           Copyright/IP       0.62      0.66      0.64        38\n           Jurisdiction       0.44      0.92      0.60        13\n          Governing Law       0.63      0.86      0.73        22\nLimitation of Liability       0.92      0.92      0.92        13\n Unilateral Termination       0.82      0.93      0.88        15\n         Broad Data Use       0.22      0.86      0.35         7\n         Privacy Change       0.00      0.00      0.00         0\n              OK / Fair       0.99      0.93      0.95      1435\n\n               accuracy                           0.91      1607\n              macro avg       0.57      0.77      0.63      1607\n           weighted avg       0.94      0.91      0.92      1607\n",
    "per_class_f1": {
      "Arbitration": 0.6326530612244898,
      "Content Removal": 0.6111111111111112,
      "Copyright/IP": 0.6410256410256411,
      "Jurisdiction": 0.6,
      "Governing Law": 0.7307692307692307,
      "Limitation of Liability": 0.9230769230769231,
      "Unilateral Termination": 0.875,
      "Broad Data Use": 0.35294117647058826,
      "Privacy Change": 0.0,
      "OK / Fair": 0.9547088425593099
    },