{
  "A_multiclass_baseline": {
    "train_losses": [
      1.2167918103709385,
      0.4579828305417575,
      0.2980793512458617,
      0.1744890186937009,
      0.10535921149071564,
      0.05358505259066782,
      0.034826586970361624,
      0.018014476971358943,
      0.011517699857846689,
      0.011832511630843796,
      0.008675099131518321,
      0.006948762195362057
    ],
    "val_losses": [
      0.49581433987865847,
      0.30870436750248903,
      0.2694739585276693,
      0.1986312817494359,
      0.1919152659263798,
      0.23139973302669306,
      0.2669816772516545,
      0.2999499065382325,
      0.2877844533999855,
      0.29846728516076837,
      0.34894766347416506,
      0.31938711578100587
    ],
    "val_macro_f1s": [
      0.09467592592592593,
      0.203457519506344,
      0.4846040194549401,
      0.6461039900328134,
      0.6792204161772839,
      0.6831780449052067,
      0.6757557697840479,
      0.6736575413662257,
      0.6871685795436846,
      0.6864650711061552,
      0.6513679646927445,
      0.6657180400141367
    ],
    "best_epoch": 9,
    "best_val_macro_f1": 0.6871685795436846,
    "test_macro_f1": 0.6866915078281789,
    "test_accuracy": 0.9489732420659615
  },
  "B_multiclass_balanced": {
    "train_losses": [
      2.2690462284729263,
      1.9496490444455827,
      1.077963384760528,
      0.4700937968592684,
      0.22799968481564722,
      0.1279459929234591,
      0.05859307424329659,
      0.030233374918114488,
      0.01605173816489635,
      0.01802310165401329,
      0.010365519757742579,
      0.006312427848593152
    ],
    "val_losses": [
      2.1670060091548495,
      1.6614303472969267,
      0.8930927763382593,
      0.5132379259707199,
      0.5260939161396689,
      0.5230576001728574,
      0.5982711822079081,
      0.6040273896521993,
      0.6308847431856621,
      0.6689479626107236,
      0.6874311010049294,
      0.7268850224112006
    ],
    "val_macro_f1s": [
      0.0743161316041724,
      0.237108694014244,
      0.37309170849037543,
      0.5545516015111217,
      0.5730299364192784,
      0.5506667685037994,
      0.5980243891218364,
      0.5881028883110921,
      0.6078292076556651,
      0.5640722545247306,
      0.5952197583352035,
      0.5885110067271428
    ],
    "best_epoch": 9,
    "best_val_macro_f1": 0.6078292076556651,
    "test_macro_f1": 0.6321285986237294,
    "test_accuracy": 0.9141257000622277
  },
  "C_binary_balanced": {
    "train_losses": [
      0.679385284415814,
      0.48994499294697735,
      0.2975373370494662,
      0.18332517530549974,
      0.11827635394503214,
      0.07545118355935737,
      0.046316130927122126,
      0.02314231197003416,
      0.022580851990036947,
      0.014809759539168547
    ],
    "val_losses": [
      0.6877869558003213,
      0.44751278642151093,
      0.2829889594059851,
      0.27963173544655245,
      0.3327673926251009,
      0.3505608446478921,
      0.36701767960443654,
      0.6677329590699325,
      0.5059448822034432,
      0.49494488805471015
    ],
    "val_macro_f1s": [
      0.48130740232422303,
      0.675221056332108,
      0.7806135657663129,
      0.8183906882723548,
      0.8185659239057448,
      0.8300822095622702,
      0.8363257424941763,
      0.7503931536407856,
      0.798974358974359,
      0.8024611774742321
    ],
    "best_epoch": 7,
    "best_val_macro_f1": 0.8363257424941763,
    "test_macro_f1": 0.8534411685308001,
    "test_accuracy": 0.9377722464219042
  },
  "D_multiclass_focal": {
    "train_losses": [
      1.663102375859974,
      1.2775570920535497,
      0.5071955219443355,
      0.17527656857425175,
      0.07490221340944912,
      0.03820305653092522,
      0.025272162337180916,
      0.012695756545456658,
      0.006127594711411619,
      0.004719109653163615
    ],
    "val_losses": [
      0.7006899006664753,
      0.4202020565668742,
      0.14589186111051175,
      0.12588031072583464,
      0.12196280598194183,
      0.13401960936001464,
      0.17214816605165753,
      0.1414854328100369,
      0.16685407890953582,
      0.14510528089198893
    ],
    "val_macro_f1s": [
      0.019461499351368483,
      0.20694619813443954,
      0.4487449685944346,
      0.5034434050337985,
      0.57515497145625,
      0.5861831144269841,
      0.6317487560510502,
      0.5921531553304596,
      0.5815802190930388,
      0.5655134899883532
    ],
    "best_epoch": 7,
    "best_val_macro_f1": 0.6317487560510502,
    "test_macro_f1": 0.634307937232401,
    "test_accuracy": 0.9234598630989421
  }
}